state,level_1,level_2,level_3,1985,1986,1987,1988,1989,1990,1991,1992,1993,1994,1995,1996,1997,1998,1999,2000,2001,2002,2003,2004,2005,2006,2007,2008,2009,2010,2011,2012,2013,2014,2015,2016,2017,2018,2019,2020,2021
Amapá,2. Industrial,2.2 Metálicas,2.2.01 Ferro,"6,525326788","41,83357863","41,83357863","41,83357863","53,27524817","53,27524817","53,27524817","54,16912909","54,16912909","54,16912909","54,16912909","54,16912909","55,06296511","65,16334525","72,49283116","80,26924236","85,63228596","90,10145685","147,9350772","219,0871728","438,0861772","564,9287371","1005,347484","1276,020665","1382,662258","1480,721574","1570,645778","1720,816808","1912,106263","2088,46853","2199,845969","2463,00404","2581,076777","2659,827377","2713,639428","2679,492895","2607,088388"
Amapá,2. Industrial,2.2 Metálicas,2.2.07 Cromo,"32,54013331","32,54013331","70,17584458","70,17584458","204,4486586","204,4486586","204,4486586","204,4486586","204,4486586","204,4486586","204,4486586","204,4486586","184,9603284","236,3630264","242,6207566","265,863719","268,2774084","280,6140567","279,5413043","282,7595595","290,4476156","320,931648","330,4076259","397,9016075","411,4898015","425,8825577","431,4251078","434,8221555","449,3043087","446,980017","461,1045788","488,9067305","486,9400191","491,7674039","491,7674039","492,3037797","466,8259255"
Amapá,2. Industrial,2.2 Metálicas,2.2.09 Alumínio,"83,75541694","94,39245218","100,560147","107,7110928","108,5155748","113,4318584","112,8955374","118,5269122","125,6778687","156,8739063","154,7286176","155,8906465","176,8965731","191,6454183","190,751555","200,8522678","210,4166698","219,1765886","224,1822651","231,0650605","231,869531","234,7299073","250,6407863","247,2440839","252,428526","264,9426952","271,7361035","288,0939231","288,0045368","297,6583292","300,339939","302,7533843","304,6305069","304,8986697","305,8819258","307,3121147","305,3456017"
Amapá,2. Industrial,2.2 Metálicas,2.2.14 Ouro,"651,6662218","667,3097371","718,0844679","818,3991095","956,7819339","956,7819339","956,7819339","1233,53492","1233,53492","1233,53492","1233,53492","1233,53492","1177,433251","1254,704572","1179,40094","1194,588881","1201,558278","1202,00733","1225,777044","1236,770602","1227,036048","1251,162093","1255,629193","1294,778316","1325,972564","1350,55466","1399,172959","1426,873912","1435,09913","1483,795921","1528,217415","1654,310613","1654,756847","1708,29413","1718,219978","1722,507634","1685,429739"
Amapá,2. Industrial,2.3 Não Metálicas,2.3.01 Minerais Classe 2,"19,57662813","24,76130552","25,02947868","25,02947868","35,04127397","35,04127397","35,04127397","37,18665952","60,96466687","60,96466687","60,96466687","60,96466687","60,8752758","69,36742058","74,99905378","76,6974832","77,68078519","79,20043147","83,40180974","86,17293331","90,19553541","91,53640189","92,51970335","93,05604979","95,91656253","96,09534423","96,81047286","97,97255613","97,525601","98,95585695","101,2800246","126,3989135","126,3989135","130,2427276","129,9745542","130,0639453","128,72308"
Amapá,1. Garimpo,1.1 Metálicas,1.1.01 Ouro,"294,4919174","294,4919174","294,9388701","636,6793231","636,6793231","636,6793231","636,6793231","779,7783447","779,7783447","779,7783447","779,7783447","779,7783447","757,627209","787,3708664","763,433275","771,0253756","778,7962109","779,8681691","787,9069305","783,4409473","782,1904264","784,6913621","790,9460164","789,7849906","793,8936849","795,5907088","794,4298886","805,0633153","818,8256805","848,671888","848,0465677","851,6217154","853,0508972","851,5322044","851,174881","855,5515669","854,7475301"
Amapá,1. Garimpo,1.2 Não Metálicas,1.2.01 Minerais Classe 2,"7,59830163","10,19066428","11,17397382","10,72701495","18,77238557","17,0739283","21,45414301","21,45414357","27,80096014","51,04284432","54,6185093","62,75311354","66,95452645","74,28466122","73,21192532","87,78284464","96,18569535","101,9067846","103,3370411","112,9913899","127,741103","141,5969472","153,0391128","155,8102452","161,7994945","171,2750584","179,9462203","185,0416135","179,2310751","181,018915","180,7507346","184,3264202","193,4444302","203,635272","214,1836974","210,2503846","208,0155742"
Amazonas,2. Industrial,2.2 Metálicas,2.2.13 Estanho,"2146,610397","2425,32858","2520,438922","2872,724329","3376,259365","3754,827013","3740,79252","3875,414006","3923,14775","4155,115564","4254,696494","4432,227363","4763,329763","5126,079909","4970,09437","6285,386328","6682,011771","6597,626559","6659,662981","6784,630229","6586,810112","6737,522816","6666,546808","6732,963643","6817,6166","6600,219755","6737,881168","6937,579275","7138,796587","7098,750067","7428,689371","7579,759441","7455,059578","7595,134714","7428,958418","7498,950892","7457,831695"
Amazonas,2. Industrial,2.3 Não Metálicas,2.3.01 Minerais Classe 2,"46,55513052","71,55240535","75,21595773","78,34337518","82,54258077","86,02772775","95,58903975","95,67830938","95,32078293","97,19734692","98,89528582","105,7757322","110,5117301","123,9151935","135,880733","151,3380841","154,0178452","160,9861219","175,3618354","180,3652715","188,2272413","188,4056286","196,4422423","218,6883705","226,1026502","234,1439763","239,8622274","250,2276203","263,0051682","272,1192916","295,5305536","287,7567704","298,5691727","309,0237711","307,9514947","312,4194758","307,5048876"
Amazonas,2. Industrial,2.3 Não Metálicas,2.3.06 Calcário,,"63,0858083","167,0093887","232,1520243","262,6233136","271,6485906","274,5974907","320,2602157","318,4730248","323,1198014","329,553601","328,8387142","344,029455","336,3445704","327,9448283","345,9058067","341,0804076","338,5783331","346,7993634","349,5694153","355,1989684","359,2200853","348,0503588","348,9439234","358,8626635","360,5604331","364,6708783","393,1763296","389,6913083","408,009833","399,5207085","397,6442001","401,307833","405,2397125","403,1844795","403,1844294","401,3079461"
Amazonas,1. Garimpo,1.1 Metálicas,1.1.02 Estanho,"37,76290788","45,26242559","52,67394544","91,23471339","130,8528497","131,3823352","136,6768305","152,7355619","148,5886296","154,323654","153,3531756","156,3530663","161,0293937","158,4707038","161,8235113","162,8823507","164,3822486","164,3822265","163,1469569","165,5292285","177,2646443","235,498753","244,4102229","261,4392308","300,7912115","304,5851219","300,526424","301,320527","303,3498553","304,232187","303,6145505","303,3498481","304,5851228","304,6733485","306,702713","306,6144453","307,1438775"
Amazonas,1. Garimpo,1.1 Metálicas,1.1.01 Ouro,"689,7884758","673,1415823","787,8958525","930,5640473","1056,126448","1110,076237","1194,882005","1206,368675","1263,831112","1235,307266","1168,185697","1123,092231","1172,211951","1125,903496","1070,817656","1135,268553","1152,371671","1138,362098","1130,251572","1116,814314","1114,319753","1107,752201","1120,400023","1200,856546","1232,293661","1269,059732","1232,367431","1216,338645","1224,855462","1242,505766","1280,28956","1337,175586","1456,390788","1519,501876","1565,192142","1682,73903","1870,143272"
Amazonas,1. Garimpo,1.2 Não Metálicas,1.2.01 Minerais Classe 2,"72,50230243","85,44845433","98,84379175","109,4738762","135,2841595","140,4624798","155,2843962","159,1239879","166,4454439","171,7134457","184,6603219","238,3251489","264,755041","310,3796049","473,3297849","527,8861398","561,9956822","586,6358876","610,3878658","625,2073648","645,5647076","662,8873948","672,9774846","693,0678753","719,2305182","739,9461569","752,2695277","762,449772","774,7734888","809,9565402","832,9068526","855,2295391","876,6599102","885,0542093","884,6966516","888,0001562","900,9476412"
Bahia,2. Industrial,2.2 Metálicas,2.2.02 Manganês,"4,907473175","10,42838366","13,05739302","13,40793412","14,10900245","13,6708314","14,63480765","16,65039899","17,00093934","18,84126503","19,19180128","20,68156239","20,94446187","33,30069866","37,85761307","43,11567723","45,48178456","47,84791479","51,00275971","51,09040602","52,2296377","54,59575271","55,55971664","65,37455201","67,47772761","66,68902883","67,30245701","67,03954874","67,56535558","67,82824982","67,21481893","66,68902209","66,6890193","66,07558266","66,77665952","66,95192395","66,86429432"
Bahia,2. Industrial,2.2 Metálicas,2.2.03 Níquel,,,,,,,,,,,,,,,,,,,,,,,,"216,9391947","274,2742526","445,1514187","511,5067393","587,9227747","655,6649475","691,3139867","753,2457916","762,78695","765,8228202","769,205617","783,0834759","802,0789828","803,8138009"
Bahia,2. Industrial,2.2 Metálicas,2.2.07 Cromo,"267,051721","435,7238251","482,4135585","534,5548934","586,5186663","595,0467481","603,6656773","609,29114","609,9061428","611,1373216","614,3809991","628,2682938","652,4425487","679,2606337","693,4104789","717,9382981","728,665577","733,3249961","743,6972407","748,4408408","753,2713012","751,8627641","752,8278853","754,4099716","758,7135817","759,7693765","762,9291586","771,1751559","774,3394239","774,7783147","771,7898758","772,4053228","773,7213621","775,474769","783,7201691","783,8955739","784,1583672"
Bahia,2. Industrial,2.2 Metálicas,2.2.08 Cobre,"722,6042379","836,9735839","948,7887461","1054,347377","1150,477688","1203,962027","1274,187498","1352,166965","1393,403599","1467,77215","1515,092249","1542,215631","1571,204719","1596,400945","1613,847175","1619,310098","1628,473719","1633,497249","1642,308751","1692,534247","1693,855971","1698,261408","1724,517495","1736,4142","1752,978938","1757,473488","1781,087242","1785,140318","1786,462902","1789,106196","1795,185938","1800,825073","1819,152803","1821,355639","1826,730536","1825,673204","1825,7613"
Bahia,2. Industrial,2.2 Metálicas,2.2.10 Magnésio,"41,58883183","60,27405531","64,4398662","65,39704598","69,08567047","70,56740738","70,13363464","71,00122195","75,33919227","79,93733399","86,0117433","108,3100538","112,6549178","161,4541171","174,7346292","209,1768864","296,4486616","299,5717964","303,2154115","311,7179921","315,968964","316,6629026","333,4060424","341,907733","362,8188819","391,4474855","401,9411272","416,3533419","440,0359986","445,5009979","454,8728385","469,3626621","479,947144","489,6644579","496,0851841","504,3296427","503,982577"
Bahia,2. Industrial,2.2 Metálicas,2.2.11 Bário,,,,,,,,,,,,,,,,,,,,,,,,,,,,,,,,,"0,08689863892","2,085567334","2,693856927","2,693856927","2,693856927"
Bahia,2. Industrial,2.2 Metálicas,2.2.14 Ouro,"45,69143724","60,78094431","73,8473032","93,48700449","117,0770378","118,0412173","171,4425337","211,5070346","225,3677583","267,4683235","361,4676549","384,260323","395,3079231","467,6084673","500,3074672","522,6672345","529,8569278","539,4150064","543,8865137","568,081392","585,7060509","595,5262046","602,5414268","630,0792807","684,3786676","705,080498","719,8993416","845,6371734","1041,664074","1100,901397","1115,370199","1122,294229","1150,542253","1168,530776","1175,376733","1188,27178","1188,183928"
Bahia,2. Industrial,2.3 Não Metálicas,2.3.01 Minerais Classe 2,"44,82698602","48,66427827","52,50154782","55,37950473","58,08309426","59,12963034","64,36232819","67,50197509","80,58394877","82,15385433","83,02598174","83,54922038","85,64254716","96,54531749","113,377615","124,2796041","134,6581845","140,065588","143,2927524","145,7348879","146,955972","147,7409261","150,3577239","151,9278416","152,4511146","155,2420096","158,9922718","162,4811777","167,540282","171,0291078","176,0880066","178,8791268","179,8384883","181,9316566","183,1525597","183,1525531","182,541973"
Bahia,2. Industrial,2.3 Não Metálicas,2.3.04 Gráfita,,,,"2,325064166","8,783605786","8,783605786","8,869719696","8,955833826","9,128061304","9,128061304","9,12806142","9,300289349","9,644743756","10,16142587","15,06987784","20,32279994","26,69522843","27,72859355","29,45087319","31,60372327","35,13440068","40,4734549","41,42071627","42,62632194","44,00416034","45,72645693","48,48213148","49,34327335","49,42938871","49,68773033","51,84060852","53,47679611","56,74919172","58,29927256","58,90207651","60,71049238","60,96883979"
Bahia,2. Industrial,2.3 Não Metálicas,2.3.06 Calcário,"20,91868577","26,07997943","27,12895004","28,43530851","30,68284701","33,19907524","37,13561785","44,22813989","49,14197042","50,88589897","54,49169862","65,12416559","68,89848874","96,965452","119,9125251","128,9158612","133,8659313","136,6423224","138,6498513","146,429506","153,2226255","158,7810692","164,8516337","177,9682311","191,1762628","197,3793355","202,3400326","217,7102586","226,1261404","235,976477","242,1981166","251,4464712","261,8268162","280,5257557","294,8467262","302,6869282","302,5883558"
Bahia,2. Industrial,2.4 Não Identificado,Não Identificado,"217,1295803","259,3205089","287,2494747","309,308118","361,1903589","383,0654034","409,00866","417,2483597","426,6427598","433,2336125","442,0647846","462,2852516","482,089387","531,4876367","575,2354313","606,7280561","616,3053131","622,2620584","633,3832294","662,2363016","677,4778524","683,1618233","698,1306393","717,438725","732,4074686","759,8296736","796,3730121","818,3319797","833,890526","853,5706459","874,6444583","906,7979595","927,8273891","944,1424114","959,6300089","966,3306754","966,7565704"
Bahia,2. Industrial,2.1 Energéticas,2.1.02 Urânio,,,,,,,,,,,,,,"24,23668119","32,31562261","49,16856167","77,31472587","94,42823329","101,9859935","131,3483487","142,4678215","142,7284336","145,5083043","148,4619219","155,8459391","161,4925852","176,8686661","182,9496028","187,4668019","191,6365152","195,9799661","226,2095312","248,7076159","253,3114829","253,5720914","254,3538735","254,7013485"
Bahia,2. Industrial,2.1 Energéticas,2.1.03 Gás natural e petróleo,"76,50899817","77,99717597","80,44799657","82,37341791","193,8927839","253,671421","256,472293","261,3738269","353,4483424","465,3061258","486,8395287","490,9530116","492,9662281","494,1916102","495,8546038","495,1544188","493,0540596","492,2665705","492,4415228","490,6906904","491,1282867","490,9531903","491,3032414","489,4648695","487,2768142","491,6539141","491,391307","493,9294742","494,1047281","494,1047423","494,9799136","494,017045","495,2427374","495,7679953","495,8556144","495,855764","499,0941279"
Bahia,1. Garimpo,1.1 Metálicas,1.1.01 Ouro,,,,,"6,929372693","7,894210437","8,157351514","15,08668984","18,41979357","18,85835806","19,03378563","19,47234923","19,82320206","20,87576262","21,31432631","21,13890049","20,43719572","20,87576366","21,66517945","21,48975251","21,66517825","21,75289166","21,9283231","23,06859589","23,06859918","22,89317337","22,36689344","22,36689545","22,80545897","22,89317344","23,24402715","22,89317208","21,92832759","21,57747444","22,80547252","26,75260449","26,66488994"
Bahia,1. Garimpo,1.2 Não Metálicas,1.2.01 Minerais Classe 2,"19,55572546","22,15336118","22,4995219","23,53643495","33,90284674","39,87409224","40,73830607","42,03722415","46,6184894","52,58201507","54,56958693","54,91553951","61,58319662","62,53929684","63,49214938","64,7900129","65,56817115","65,30856973","65,39538541","65,56859586","65,2227763","64,78953649","64,61674371","65,22154211","65,04854752","67,05708688","68,28232776","70,792802","72,43548715","72,69608065","73,81988308","75,19968069","78,65843616","80,21712296","79,86936329","79,95377011","80,04191971"
Bahia,1. Garimpo,1.3 Pedras Preciosas & Rochas Ornamentais,1.3.02 Rochas Ornamentais,"6,672430823","7,198559583","8,164654407","8,515527155","9,637564331","11,02638054","11,37748851","14,26054514","17,22476278","20,7182512","23,41455982","27,7737952","38,03475652","62,24868987","68,48596286","74,07984637","77,52121857","81,379117","87,67853036","91,56573299","93,20927796","96,15239406","97,71851228","100,4231036","102,931821","105,1077053","108,4037393","111,5243711","116,0471308","118,2302221","120,2487432","125,1209472","130,2381316","133,4154816","138,6186938","144,2963712","144,5618427"
Ceará,2. Industrial,2.2 Metálicas,2.2.01 Ferro,"4,44804068","4,44804068","4,537001434","4,44804068","4,359079639","4,359079639","4,359079639","4,359079761","4,270118719","4,359079639","4,181157886","4,270118927","4,359079639","4,359079639","4,359079639","4,181157886","4,181157886","4,181157886","4,270118927","4,537001434","4,537001434","4,537001434","4,537001434","4,27011864","4,27011864","45,03752357","63,6313871","105,6198333","113,8027153","118,9628968","122,787938","123,8562106","123,8554734","125,3678068","125,1006745","129,5612543","129,5619907"
Ceará,2. Industrial,2.2 Metálicas,2.2.02 Manganês,"1,95428631","2,131948792","1,954286267","2,043117413","2,220779846","1,954286267","2,043117413","2,1319487","1,954286267","1,865455212","2,043117554","1,954286359","1,865455121","2,220779803","2,043117462","2,220779761","2,576104535","2,487273425","2,664935907","3,197922931","5,063376099","5,152206543","5,241037506","6,040517322","6,12934801","6,307010675","7,461813501","7,994800061","8,172461981","8,1724617","9,682590546","11,72570918","11,45921537","11,45921537","11,45921537","11,63687817","11,63687817"
Ceará,2. Industrial,2.2 Metálicas,2.2.09 Alumínio,,,,,,,,,,,"14,19442231","14,72671371","14,63799836","14,63800272","14,46057086","14,63800262","14,72671852","14,54928595","14,81543351","14,63799868","14,99286201","14,6379998","15,17029125","15,17029489","15,08158093","36,10711754","40,80899696","42,84941635","56,95448638","56,51091159","56,42221112","56,68835742","57,75289878","59,52714001","60,23683941","61,3013817","61,1239488"
Ceará,2. Industrial,2.2 Metálicas,2.2.10 Magnésio,"0,6218743042","3,642405255","3,642405255","3,73124458","3,73124458","3,820083722","3,553567505","3,642407062","4,264282019","4,264281927","5,241515808","7,018309296","7,551345117","7,906702325","8,173219653","10,12768849","10,83840439","11,99331733","12,97055228","14,48082531","16,25761514","16,70181261","17,23485005","18,12324298","19,36699738","28,78392976","34,38082053","36,77948593","51,61558518","53,74772853","73,55888279","98,34509528","102,964765","108,2063092","113,6255299","118,4228691","118,422871"
Ceará,2. Industrial,2.3 Não Metálicas,2.3.01 Minerais Classe 2,,,,,,,,,,,,,,,,,,,"4,014606421","8,742915802","11,50853022","11,3301032","12,48987695","12,40066362","20,69758095","23,82006861","27,21020474","32,65226003","41,21680705","46,92650825","57,45374103","72,53091853","88,7679098","97,3324766","104,4695938","107,2352319","107,3244462"
Ceará,2. Industrial,2.3 Não Metálicas,2.3.06 Calcário,"124,4319051","138,4003814","153,4564707","169,6694264","199,2610221","211,2913027","218,9514363","226,5297318","257,9142493","299,581777","345,4888836","354,6631465","375,1748803","480,252918","499,3316474","513,6660646","526,856824","541,2871817","559,1854557","579,2211951","594,9966461","610,7774114","628,330637","648,1098379","668,9530703","689,1037508","712,5486137","810,274943","864,9754975","899,2759998","1098,563636","1249,794241","1277,532697","1306,516715","1336,033692","1368,559252","1368,823279"
Ceará,2. Industrial,2.4 Não Identificado,Não Identificado,,,,,,,,,,,,,,,,,,,,,,,"0,1784749756","2,140851855","2,051652875","2,408602765","2,408602686","3,389791504","3,47899054","3,835786322","5,26300722","9,098599939","10,16894764","10,52574309","12,66694572","15,43211456","15,69971115"
Ceará,1. Garimpo,1.2 Não Metálicas,1.2.01 Minerais Classe 2,"172,4701162","186,3014046","194,5931722","219,3211709","223,4224088","225,6531746","226,0081098","225,7407365","226,0943538","226,8961647","236,6647497","238,1805536","238,803547","249,0106585","251,3158183","252,2058058","253,7185278","253,8050251","254,4314765","253,539074","255,7623363","255,7629186","255,6730485","263,0532406","369,5397806","456,7746922","472,5588035","480,8410322","491,7123763","497,7781687","502,6718888","526,5787923","533,9746047","538,0775863","542,1803107","545,0329022","544,6742184"
Ceará,1. Garimpo,1.3 Pedras Preciosas & Rochas Ornamentais,1.3.01 Pedras preciosas,,,,,,,,,,,,,,,,,"0,1779256409","0,1779256409","0,08896279907","0,08896279907","0,08896279907","0,08896279907","0,4448104065","1,067544086","1,512353296","1,512353296","1,512353296","2,579894763","3,024702844","3,380550323","7,561767688","15,39044172","16,01317289","16,19109653","17,25864107","17,16967884","17,43656663"
Ceará,1. Garimpo,1.3 Pedras Preciosas & Rochas Ornamentais,1.3.02 Rochas Ornamentais,"20,2156429","21,28449065","23,77841131","24,9362993","26,18325338","27,78655086","28,67726207","30,01312678","30,10227675","38,7425126","41,59301484","43,46343162","43,19631677","54,33048549","56,11164189","56,28977126","58,51566248","59,67340284","60,92030511","62,96791536","65,10437203","66,17262056","68,30991819","69,37791669","71,7849446","72,9424672","76,14844509","79,08776572","96,63573918","101,0904514","129,4072047","155,4140488","159,1554154","161,3816504","163,9646018","164,2329277","163,6988484"
Distrito Federal,2. Industrial,2.3 Não Metálicas,2.3.01 Minerais Classe 2,"59,3874442","67,48963781","69,21351412","71,10978255","81,79780325","81,53922189","84,98697964","92,658184","95,24400078","100,1570429","106,449217","109,1212509","112,2242044","117,9129485","126,704701","139,2027666","145,0639633","152,0456575","156,1829603","165,2333076","169,6291424","171,7839775","174,1974044","176,1798397","181,1791245","187,2126598","191,3499313","196,6077023","202,5551507","206,7786957","207,2958629","208,6749526","218,2424346","222,3797034","223,0692526","223,5002139","223,7587966"
Distrito Federal,2. Industrial,2.3 Não Metálicas,2.3.06 Calcário,"81,37204753","110,3358071","113,180598","115,0770494","121,800686","125,4203457","130,4192571","142,2305079","151,6269524","159,8160344","176,4534374","186,280624","200,5059275","208,8693278","218,0069859","236,6265835","242,6608284","246,969974","257,0556171","270,4174895","291,2782443","305,243078","311,4491876","318,3453543","326,1038624","345,6696889","356,7008157","374,1093695","385,1417648","391,43424","396,5186951","403,4129603","406,0838097","408,6686769","411,4273194","419,0129305","418,4094502"
Goiás,2. Industrial,2.2 Metálicas,2.2.02 Manganês,"32,76715883","38,57514222","40,30884953","40,30884953","40,04879794","41,00233331","41,60913173","41,52244664","42,04255754","42,56267372","42,99610237","43,77627105","46,03011981","52,18483187","51,83809286","52,09814942","53,4851097","53,39842117","53,39842117","53,48510849","53,4851088","53,57179357","53,65847997","53,65847997","53,65847997","55,04545314","55,56556566","55,47887916","56,08568742","55,73894384","55,99900568","55,91231878","56,0856925","56,17238163","55,8256339","56,08569483","56,08569483"
Goiás,2. Industrial,2.2 Metálicas,2.2.03 Níquel,"261,4869267","343,6589638","404,5081049","436,2328197","488,4103604","531,749018","588,3711928","613,0304937","651,7799537","706,5642262","730,3151871","747,8192883","790,7230848","832,5013514","887,7164651","968,3247092","1030,127106","1076,931829","1189,092344","1380,186366","1670,8642","2091,68041","2485,721341","3220,491","3720,097063","3976,129174","4526,8063","4803,752529","4985,701887","5125,810337","5257,936063","5430,729129","5607,707897","5710,054863","5785,496053","5849,52841","5850,824705"
Goiás,2. Industrial,2.2 Metálicas,2.2.04 Amianto,"413,9324474","450,1148095","478,0354712","494,2135254","510,5657341","546,5754203","586,0640323","625,640436","674,3489249","731,2339568","737,1485835","743,0632121","747,9341331","780,0317799","794,4712965","804,9093808","807,0840271","807,6929339","810,3894998","813,4339959","816,3044096","821,4366426","827,1778518","828,3086359","834,483897","841,5289591","844,1382298","852,8361131","859,0985032","871,8843879","891,6295331","912,8528789","915,114416","916,0712096","917,6369297","917,810912","917,2020312"
Goiás,2. Industrial,2.2 Metálicas,2.2.06 Titânio,,,,,"4,46033963","4,46033963","4,46033963","4,54611532","4,54611532","23,93130646","27,10501009","27,70543887","27,79121293","28,47741342","28,39163925","28,82051818","28,22009092","28,30586895","28,90631414","30,10718275","30,10718275","30,27873437","30,36450994","30,53606051","30,4502847","30,62183667","31,30803389","31,4795821","31,39380723","31,47958246","31,3938063","31,4795814","31,47958211","31,47958211","31,47958211","31,47958211","31,73690836"
Goiás,2. Industrial,2.2 Metálicas,2.2.08 Cobre,"35,64610264","35,47265052","37,46747245","38,16131425","38,24799647","38,24799516","39,54892966","44,49248347","48,65549221","49,26258273","76,49383486","97,13486677","105,8070583","111,5310941","114,9134585","121,9380835","124,8002941","129,3100792","140,9311144","188,8044208","444,2979295","588,5225078","648,5375817","816,7029317","995,4474586","1135,512336","1300,465204","1494,383925","1605,828223","1807,02686","2025,736004","2213,146174","2372,279584","2494,12315","2638,944809","2663,746351","2663,919638"
Goiás,2. Industrial,2.3 Não Metálicas,2.3.01 Minerais Classe 2,"462,8333607","513,5247972","570,6827711","629,6982616","658,6311528","672,9887876","689,4667439","707,4402058","740,7152569","767,942343","783,7763929","814,542172","880,8342208","997,4377877","1186,047555","1262,6763","1297,511817","1323,259645","1345,77958","1379,778935","1405,551295","1420,001832","1430,674043","1453,296589","1459,068369","1481,173266","1509,601942","1555,172731","1585,569945","1617,884063","1640,364257","1658,505982","1668,641815","1684,130649","1702,2245","1712,83854","1710,075916"
Goiás,2. Industrial,2.3 Não Metálicas,2.3.06 Calcário,"91,57474384","93,37201729","96,36747806","98,84942405","108,5240506","113,3259082","115,214649","122,4119054","130,2981778","135,1810007","147,8116298","157,2733","163,619443","171,0138822","179,8295079","200,6392703","221,0859992","236,6677799","248,1856591","252,911188","262,9682521","269,3279222","276,0888699","282,513478","286,2121938","294,4629582","298,0577287","308,0966668","318,794694","322,2178754","323,3291434","325,2980345","329,333586","334,9854922","376,0814072","377,7920731","377,1043491"
Goiás,1. Garimpo,1.2 Não Metálicas,1.2.01 Minerais Classe 2,"14,60753823","15,72808968","16,24436357","16,93429414","18,56993964","28,6454069","29,93669495","32,86068515","35,17848098","43,70344175","67,72097617","68,32501012","67,72325233","68,49444349","70,21019154","87,08410482","91,39285533","98,88591068","107,3274167","109,0486946","112,7537094","120,9335785","123,2621177","138,6750196","150,3938433","165,044206","173,5746862","231,8476134","245,1243711","250,3793246","254,9499091","256,7582269","259,6869119","266,149768","288,0431995","288,5590568","287,6106426"
Maranhão,2. Industrial,2.2 Metálicas,2.2.14 Ouro,"28,77885327","28,77885327","28,957604","59,52399291","88,39227103","94,11231602","175,3548931","175,3548931","175,5336449","175,5336449","175,5336449","175,4442688","175,4442688","175,4442688","99,65374939","107,6975313","114,0431482","121,7293825","124,4106387","128,075043","125,30439","125,3043835","136,2975854","149,8826885","207,1721777","252,8429054","263,836103","307,9875192","356,5182586","457,6913559","418,187587","455,3677948","529,7281162","559,6690052","755,7590979","669,6908763","670,4952741"
Maranhão,2. Industrial,2.3 Não Metálicas,2.3.01 Minerais Classe 2,"480,0888063","502,3245267","528,0427936","548,4977395","567,1762766","599,3235161","569,9437596","587,9822914","597,805105","589,7682398","598,0730952","605,6632033","579,8558387","602,8950273","580,7463565","661,9201667","670,4040956","673,2616892","674,154486","705,3195428","685,3161521","705,2301775","692,1029472","700,9436876","784,1681813","756,9295441","782,1098535","843,7236288","851,8484737","880,6912562","857,9208533","878,2814889","928,0208552","910,0719091","957,3366493","917,9560407","904,1130641"
Maranhão,2. Industrial,2.3 Não Metálicas,2.3.06 Calcário,"92,95592582","130,3879614","168,8901099","203,3807166","212,8279132","218,9773273","224,1465278","230,8308165","262,9149725","285,0177261","298,7426167","323,1621825","362,8222128","424,0509693","451,3197955","482,509954","507,285264","524,3053194","538,0284334","551,9301314","565,2090499","566,0093708","597,9181023","616,0107729","643,19374","657,9851982","666,9815264","670,186885","677,0384933","678,3750397","686,0325303","688,7886932","693,2378932","702,1324525","713,2535079","719,6593099","717,7888444"
Maranhão,1. Garimpo,1.1 Metálicas,1.1.01 Ouro,"210,805232","210,805232","210,805232","211,5198478","210,8053176","210,1799953","210,1800212","210,2693455","210,2693553","209,55475","204,5524168","203,3018062","204,1950786","253,1460336","252,0742815","255,558065","253,2356442","251,1811296","252,6996664","255,1115652","254,3969871","254,1290094","257,9697996","269,3134512","278,1563712","279,5857439","278,2461131","279,496694","304,4188455","357,5664044","381,5951635","417,5938925","540,3285685","640,2850968","843,3236269","1034,213606","1030,015272"
Maranhão,1. Garimpo,1.2 Não Metálicas,1.2.01 Minerais Classe 2,"299,7815609","312,4623743","395,6616671","409,9681537","504,5445455","496,2474884","539,5842825","546,0152568","557,2632601","576,16458","653,2347891","703,635291","724,3387758","758,863456","646,1054973","802,3166077","862,7394639","922,2361085","998,2786209","1098,830638","1199,322544","1171,325929","1264,398793","1328,637331","1379,668842","1498,383473","1513,662375","1601,67073","1649,700483","1720,172651","1762,670014","1868,905878","1947,770869","1973,398515","2041,40846","2065,583988","2071,024591"
Mato Grosso,2. Industrial,2.2 Metálicas,2.2.10 Magnésio,"0,1731246033","0,1731246033","0,1731246033","0,1731246033","0,1731246033","0,1731246033","0,1731246033","0,1731246033","0,1731246033","0,1731246033","0,259686853","0,259686853","0,1731246033","0,259686438","24,67007361","27,00721191","27,00720776","29,60407806","31,94125641","30,38313467","29,2578246","27,78626583","28,82501522","28,82501937","30,21001432","29,95032612","30,38315297","34,53818071","36,52914477","39,73198176","40,42449201","38,69322906","37,30821195","38,00071337","38,34697016","37,91414468","39,03946763"
Mato Grosso,2. Industrial,2.2 Metálicas,2.2.14 Ouro,"644,9685714","756,499813","922,7400442","1071,111269","1189,640261","1262,055053","1402,450623","1467,480892","1516,982367","1565,940435","1609,733798","1659,607419","1713,606218","1858,528852","1863,095804","1899,616767","1952,30378","2033,787229","2148,159368","2252,588268","2400,992867","2519,409997","2675,927963","2770,498659","2760,247791","2868,815619","3011,90876","3150,558411","3251,879848","3347,685388","3465,0922","3531,166425","3600,479225","3692,533571","3786,440979","3847,570212","3828,687386"
Mato Grosso,2. Industrial,2.3 Não Metálicas,2.3.01 Minerais Classe 2,,,,,,,,,,,,,"9,487735675","10,54192913","11,42042307","11,15687504","11,15687504","11,06902528","11,06902528","11,06902528","11,06902528","11,06902528","11,06902528","11,15687504","11,15687504","11,15687504","11,15687504","11,15687504","11,15687504","11,15687504","11,15687504","11,24472394","11,24472394","11,59612019","11,6839691","11,6839691","11,6839691"
Mato Grosso,2. Industrial,2.3 Não Metálicas,2.3.06 Calcário,"102,7090046","117,436203","131,0141444","140,1723199","147,0995659","152,9860907","158,6156578","165,8899695","171,1714996","173,6822141","181,6539236","184,5992421","193,6127993","204,7838557","215,6018463","217,8546282","219,7605263","238,2624568","315,4770453","344,6736406","355,6779975","363,650941","374,2804793","383,3758755","390,3892528","408,3937342","421,9822282","434,5368128","447,6122911","453,9382891","459,3057652","471,1757837","485,5513917","502,1809841","517,5978479","530,9508948","529,5641477"
Mato Grosso,2. Industrial,2.4 Não Identificado,Não Identificado,"2,080314417","3,207153394","3,293832581","3,380511359","3,467190442","3,467190442","3,467190442","3,467190442","3,467190442","3,467190442","3,467190442","5,634160358","5,807518427","8,581238678","13,69532352","14,30208047","14,21540149","15,08218948","18,11597626","18,63605525","18,72273372","19,15613423","19,7628998","19,8495791","20,19629534","23,57676849","24,61691019","24,96362317","25,31033748","25,31033748","25,31033657","26,00376793","26,26380223","27,39062465","29,73095037","30,25101858","30,16433929"
Mato Grosso,1. Garimpo,1.1 Metálicas,1.1.02 Estanho,"523,5741135","589,5924164","650,5818298","701,2424826","747,5775111","742,723163","764,7888185","761,8762811","777,4103786","788,2664122","811,479558","803,5357535","818,5405011","812,5384994","821,0118593","846,4306866","851,9028496","858,7878595","862,3182115","889,1506421","909,274678","935,6652647","958,8793081","1016,427931","1037,25813","1059,14703","1093,569397","1106,102716","1112,01618","1106,632173","1117,400316","1126,050014","1132,934509","1137,612269","1138,494344","1160,02999","1145,643199"
Mato Grosso,1. Garimpo,1.1 Metálicas,1.1.01 Ouro,"6094,625714","8035,457097","12087,78342","15909,4963","21697,53058","25809,49378","27614,86749","30182,00347","30776,69137","31189,96942","32066,68912","32546,83547","33603,43488","34196,63309","35350,08707","36803,06092","37581,49937","37849,10844","38235,31835","38608,66793","39086,426","39176,56636","39775,96934","39994,65333","40501,90283","41235,59765","42274,76271","43794,27503","45620,89316","46823,97861","48222,97085","49666,02536","51334,63141","52787,73414","54657,52899","55947,5322","56796,02108"
Mato Grosso,1. Garimpo,1.2 Não Metálicas,1.2.01 Minerais Classe 2,,,,,,,,,,,,,,,,,"6,941599078","7,029466626","6,853729071","6,85372785","7,380932849","9,050449835","9,314057837","10,45635596","10,71996129","11,42290582","10,80782937","12,38945762","12,0379845","12,56519417","12,38945662","11,77438246","11,68651392","12,56520091","13,61961665","13,88322198","13,79535367"
Mato Grosso,1. Garimpo,1.3 Pedras Preciosas & Rochas Ornamentais,1.3.01 Pedras preciosas,"48,12589875","68,02484226","81,17541331","210,9233544","438,2507834","671,7845389","781,00995","721,2246429","610,5894468","563,9521852","584,7220509","554,6550747","548,080446","551,938648","1033,930236","1303,840848","1407,889362","1485,820813","1534,821464","1600,03901","1665,432749","1679,718942","1673,321554","1679,893833","1682,435812","1680,5073","1679,455639","1678,929894","1678,491704","1677,00177","1675,24856","1672,706823","1673,671549","1675,512053","1675,073454","1673,670982","1669,374588"
Mato Grosso do Sul,2. Industrial,2.3 Não Metálicas,2.3.06 Calcário,"36,72609178","41,00658486","81,19505211","103,6755209","124,4621979","126,8980173","132,2850149","147,636086","154,2581479","167,182011","185,9750009","188,5762903","190,8409019","193,8592222","199,3949852","210,3106459","213,414513","216,8529182","223,0494674","236,4472759","245,5688734","250,7629084","257,6085458","267,4722024","274,0104009","283,1466661","294,2806466","299,4666796","308,0616641","311,3193121","316,7525031","330,2126569","339,4305536","348,3903262","359,0275198","370,0641304","370,0619101"
Mato Grosso do Sul,1. Garimpo,1.2 Não Metálicas,1.2.01 Minerais Classe 2,,"1,008103149","1,596167523","1,596167523","1,596167523","1,596167523","1,596167523","1,596167523","1,596167523","1,596167523","1,680176331","1,680176331","1,680176331","1,680176331","1,680176331","1,680176331","1,680176331","1,680176331","1,680176331","1,680176331","1,680176331","1,680176331","1,680176331","1,680176331","1,680176331","1,680176331","1,680176331","1,680176331","1,680176331","1,680176331","1,680176331","2,184242419","2,352263879","2,436274683","2,436274683","2,520285199","3,360398053"
Minas Gerais,2. Industrial,2.2 Metálicas,2.2.01 Ferro,"9309,66799","10412,23822","11223,53696","11843,99996","12397,09687","12691,24228","12917,25218","13301,69328","14126,57126","14561,75105","15003,54192","15302,90664","15769,59848","16350,22724","17204,00559","17546,76521","17919,13501","18313,58109","18724,49433","19056,06636","19249,29462","19374,67284","19718,51466","20589,37477","20992,88033","21438,82076","22230,74414","22826,65328","23194,77354","23493,90989","23965,15462","24307,78142","24472,43138","24734,60024","25290,06145","25627,52252","25584,64395"
Minas Gerais,2. Industrial,2.2 Metálicas,2.2.02 Manganês,"329,8433967","357,3251183","384,642129","396,2889321","403,242203","407,1793659","408,3512069","411,2000384","419,3278056","429,0493135","429,8875943","431,0608407","432,402706","435,5038234","441,288277","446,2331667","447,4069914","449,2506506","448,831115","449,9205276","449,8367333","450,3397437","452,8483047","521,1540548","493,8187625","491,3854226","503,2630127","507,6989018","517,4056102","522,1772455","524,6877257","526,6116912","528,4518447","530,0407693","531,2131218","532,1358826","532,3869192"
Minas Gerais,2. Industrial,2.2 Metálicas,2.2.03 Níquel,"99,60323563","104,6252925","108,3918828","111,991033","113,8324847","113,6650762","114,2509883","114,3346836","115,1717093","116,1761267","116,7620481","133,1600237","183,690391","214,1419435","230,8738829","234,8897301","235,8102555","237,2326183","237,9019218","240,5795962","241,5001163","241,7511433","243,4248607","243,8432112","247,2736131","249,4492791","256,228488","258,488042","259,2411267","259,6595073","260,4127726","262,6725741","262,6725733","263,2583198","263,5930371","264,0114527","263,5093313"
Minas Gerais,2. Industrial,2.2 Metálicas,2.2.05 Molibidênio,"359,1216541","366,8474654","372,9116739","374,489989","381,1357615","382,1326919","381,4681267","381,8004265","381,8834938","383,6280313","384,1264961","383,6281042","384,2095468","385,1233662","384,8741304","384,209557","385,3725938","385,1233545","385,2063869","385,5386776","385,8709734","385,7048084","385,3725298","384,6248756","384,5418314","385,2063904","386,4525016","387,2832204","387,2831793","387,6985639","387,8647167","388,1970307","388,4462022","389,6922375","389,609168","389,5260799","389,2768514"
Minas Gerais,2. Industrial,2.2 Metálicas,2.2.08 Cobre,"180,1304129","196,5821122","202,2767839","205,4282588","230,2968759","243,4081698","243,0728541","242,7310649","242,7278247","244,1945203","244,364607","245,6548324","246,0014729","263,9028674","265,7704901","267,6479315","369,1064901","416,1357399","423,2845298","428,4147198","431,2373119","431,0720927","446,6448812","450,8413009","459,4391052","520,8118337","619,359026","627,1722145","632,0216032","637,6460892","663,1245133","679,4207638","732,3772507","738,9617455","751,3469081","752,8794266","749,9895717"
Minas Gerais,2. Industrial,2.2 Metálicas,2.2.09 Alumínio,"1894,323468","2031,900845","2209,990277","2376,325809","2523,835797","2612,24853","2639,721385","2787,25288","3058,750274","3271,172521","3445,698095","3646,496544","3893,358304","4188,185777","4713,135247","4900,886964","4998,282839","5064,58755","5208,629869","5263,161852","5459,112008","5538,508722","5694,682307","5985,214468","6197,149889","6407,623302","7125,647241","7440,425351","7585,786307","7794,11632","7923,951698","8179,875355","8258,698242","8333,309391","8471,285875","8591,021194","8581,775204"
Minas Gerais,2. Industrial,2.2 Metálicas,2.2.10 Magnésio,,,,,,,,,,,,,"1,345967584","2,103075061","2,860188159","3,701422485","3,701422485","4,374407751","5,215638428","5,888623413","6,225115063","6,561606714","7,066341943","7,318709418","7,48695412","7,655200366","7,823446051","7,739321875","7,823444928","7,823444928","7,907568964","7,907568964","7,907568964","7,907568964","7,991692859","7,991692859","7,991692859"
Minas Gerais,2. Industrial,2.2 Metálicas,2.2.12 Níobio,"362,3774793","380,0833042","421,9023853","457,5666707","486,4020548","498,8803076","515,4056828","525,2702148","545,0832919","565,6553604","582,0961441","592,9719304","595,6698232","609,3281861","626,4429939","658,4812294","679,3904701","700,2996037","772,3009847","900,0336727","946,2353615","956,1841297","999,9416432","1027,258735","1099,090968","1163,2499","1282,713925","1449,473705","1473,92272","1488,592132","1500,22643","1680,635088","1743,189644","1779,187783","1817,123973","1837,611805","1834,154988"
Minas Gerais,2. Industrial,2.2 Metálicas,2.2.14 Ouro,"55,46325545","105,545837","120,109099","163,0535224","227,5536813","263,4912842","290,0811689","314,9040417","347,6336578","362,7785474","399,7261628","464,2795345","566,7337839","602,6701569","658,5500864","667,7235406","675,8870616","705,5906626","774,4518111","824,0337221","921,0219387","1005,39332","1158,293552","1264,755667","1376,023707","1468,711446","1543,46409","1604,16667","1692,039858","1915,344801","2125,683336","2160,116978","2180,908154","2204,061029","2293,567155","2399,066196","2401,67628"
Minas Gerais,2. Industrial,2.3 Não Metálicas,2.3.01 Minerais Classe 2,"1196,958717","1310,366109","1517,852442","1828,557122","2014,477912","2192,533758","2303,101927","2383,484064","2499,479158","2576,514095","2646,262559","2792,185811","2954,409406","3172,316995","3337,408675","3437,754776","3498,566272","3610,783311","3699,913849","3778,04329","3860,070698","3941,809867","4074,336011","4269,475974","4419,10148","4691,756701","5189,468288","5526,386977","5724,401961","5897,288169","6102,348591","6347,012352","6558,176916","6624,158573","6767,179918","6920,600203","6850,319064"
Minas Gerais,2. Industrial,2.3 Não Metálicas,2.3.03 Fósforo,"928,7804574","962,3781362","1025,956133","1124,311403","1183,762892","1226,542561","1282,124428","1310,841575","1339,474296","1393,200604","1462,332523","1491,804257","1517,067251","1557,572782","1669,737156","1736,344756","1751,250298","1789,651999","1823,672041","1890,365804","1923,207603","1951,333537","2021,311021","2114,784995","2149,480399","2179,71287","2217,101309","2272,845466","2326,316774","2383,829481","2424,920436","2470,643253","2500,622865","2557,042806","2630,216618","2682,758647","2676,779221"
Minas Gerais,2. Industrial,2.3 Não Metálicas,2.3.04 Gráfita,"52,36184861","82,73916053","102,5898857","113,3104714","151,2710814","160,1324337","166,849916","172,2764017","190,5914344","193,3258429","200,3874242","214,4049849","233,9190221","240,7085596","247,6797646","254,54108","263,616176","270,8295064","283,9700132","295,5601747","313,0013633","325,2005038","338,5172031","369,9698597","383,1201444","391,6265287","411,295456","429,1673627","448,7518206","462,3194813","481,7377365","489,1273268","498,6654175","512,4141517","523,7543528","534,9271882","536,1357757"
Minas Gerais,2. Industrial,2.3 Não Metálicas,2.3.05 Silício,"4,251194366","4,251194366","4,251194366","4,251194366","3,667695703","3,751051947","3,751051947","4,417904584","4,334548193","4,334548193","4,334548193","4,334548193","9,08588692","9,33596933","8,335691266","9,002537445","9,752735785","13,0035976","14,00387551","13,83716438","13,83716438","14,17059747","14,08724093","15,67104984","16,42125405","16,42125405","16,83803511","17,17145646","17,17145646","17,25481602","17,25481602","17,25481602","17,33817195","17,4215303","17,4215303","17,4215303","17,17146203"
Minas Gerais,2. Industrial,2.3 Não Metálicas,2.3.06 Calcário,"956,8440485","1092,59442","1194,294457","1302,512902","1450,313979","1543,692707","1625,158708","1735,04579","1854,747753","1935,642266","2031,692648","2137,308403","2283,546608","2438,716973","2642,718887","2759,88342","2918,156076","3059,150807","3228,076396","3380,220497","3459,916128","3544,687013","3697,580565","3845,480903","3970,467099","4046,810394","4188,731203","4340,893708","4449,078173","4518,587511","4598,281416","4654,953243","4771,379629","4820,412015","4994,843936","5059,682307","5038,31469"
Minas Gerais,2. Industrial,2.4 Não Identificado,Não Identificado,"95,58208343","100,9582969","107,3551583","112,6602939","116,9597469","120,9221436","123,2855451","131,1180943","139,7091737","145,1791727","154,4415682","160,4214661","168,2634703","183,099137","193,8912704","202,1598835","228,2235308","254,2012139","265,4147481","268,6983682","271,9813441","273,0752194","275,1828408","279,6523005","288,9272255","305,626165","318,7780994","328,9795167","335,8949803","342,9808305","347,8732571","350,235343","351,5822449","353,0117814","353,5176286","354,360624","353,2646496"
Minas Gerais,2. Industrial,2.4 Não Identificado,Não Identificado,"352,8716086","465,0394515","538,2298344","601,2914511","701,4719511","815,6292518","901,732647","991,3964603","1061,375826","1150,806595","1259,930298","1321,920834","1397,391771","1478,053214","1608,207406","1689,916878","1782,227092","1920,779896","2106,927052","2275,318085","2434,373963","2537,224423","2638,55456","2758,176918","2878,358193","3047,246687","3300,470884","3392,639931","3562,141742","3693,831762","3864,961336","4253,715185","4397,07592","4747,317619","5154,317549","5364,172367","5363,819228"
Minas Gerais,1. Garimpo,1.2 Não Metálicas,1.2.01 Minerais Classe 2,"74,12498826","76,90605548","85,26769839","93,72048565","101,5191885","110,1237938","120,5163286","125,6673213","129,3819213","133,7744589","145,698485","156,9846976","167,0549433","176,8499147","187,5458216","199,9548574","209,4686013","214,0353961","226,7974828","235,06346","244,073474","252,9239794","261,2714981","267,7688756","273,1813588","282,790193","294,7745425","309,9210858","318,4050642","329,4798331","336,8250765","347,7996805","360,5831134","368,9603119","374,4598288","375,8721857","375,9559375"
Minas Gerais,1. Garimpo,1.3 Pedras Preciosas & Rochas Ornamentais,1.3.01 Pedras preciosas,"79,094505","82,63339688","84,05558352","85,73381776","85,73590929","85,90372936","86,82463395","91,1040284","93,12390518","97,42055837","99,7742996","102,0398383","103,6404059","108,1903749","117,6289826","121,1562053","123,2539662","128,9570173","129,3765737","129,2926614","129,544399","129,208747","129,796116","130,1317629","130,8869715","131,2226168","131,8099868","132,0617164","132,3176344","133,8280346","134,9188975","134,9210151","136,2644756","136,9345401","137,8575672","138,023298","138,0224364"
Minas Gerais,1. Garimpo,1.3 Pedras Preciosas & Rochas Ornamentais,1.3.02 Rochas Ornamentais,"36,84185811","63,87758687","81,87023933","93,84784495","105,7788539","136,8614697","141,6354674","150,5674927","153,5269865","159,866669","166,3288047","169,4645928","174,322061","182,3013134","187,0392075","192,7503504","197,2298474","201,6102569","211,1884839","220,0340357","227,7011872","233,288965","244,211183","262,9006471","283,4634573","288,2193101","300,2735829","308,7160714","321,78837","331,4023893","340,2799633","344,4120474","346,5023434","351,0227699","355,0731121","355,9283193","355,9347725"
Pará,2. Industrial,2.2 Metálicas,2.2.01 Ferro,"2537,988017","2749,451716","2961,674614","3036,43668","3117,255076","3162,335164","3280,319972","3363,897746","3442,94178","3719,156282","3776,770931","3921,405802","4032,993194","4126,434909","4158,091825","4266,213177","4338,947494","4397,099019","4487,25582","4568,073743","4863,151096","4995,79266","5261,240633","5714,528769","5902,629568","6053,366468","6277,791064","6548,748415","7352,953738","7602,660225","7971,361393","8220,998372","8275,414531","8397,512903","8640,97811","8791,292477","8786,767327"
Pará,2. Industrial,2.2 Metálicas,2.2.02 Manganês,"127,8457029","110,1542121","130,514305","188,3166628","238,029701","260,3528126","269,6013316","326,4643294","365,3306946","392,9893299","459,9374183","476,9208893","515,593692","549,3790299","493,7238673","617,6640839","681,139203","655,5332809","647,4447765","713,9466248","755,6512846","802,5182414","888,0487777","954,9120322","1032,176319","990,6610417","1081,0809","993,0628105","1089,270165","1112,209178","1063,494138","1207,997029","1346,285648","1434,35059","1635,91152","1741,295918","1792,067777"
Pará,2. Industrial,2.2 Metálicas,2.2.03 Níquel,"9,586372839","57,71221151","76,67880121","100,6085222","168,6751784","212,191488","227,7900165","232,4005486","231,0933442","219,1288151","225,6873226","216,4716496","200,6125413","202,3183971","196,7431784","192,3143447","191,822725","205,8588579","206,1277086","207,5523554","260,5965179","302,8981783","566,9992919","674,5636809","690,1090416","705,4867009","716,4127547","734,0866275","784,7085687","855,1560902","893,0932569","901,0056167","895,9377414","872,5764447","847,5262528","848,1476919","857,2964791"
Pará,2. Industrial,2.2 Metálicas,2.2.07 Cromo,,,,,,,,,,,,,,,,,,,,,,,,,,,,,,,,,"0,9779687561","3,556255017","6,757041742","6,490322626","5,423391614"
Pará,2. Industrial,2.2 Metálicas,2.2.08 Cobre,"37,52623832","60,36833064","81,16345612","81,43002012","85,78270104","90,31414406","90,31394147","90,58059225","91,11431707","91,02547057","90,84766068","91,20337773","91,38137555","91,02576087","91,11491132","92,53701184","93,86992814","408,3089615","750,5601977","991,341869","1271,30587","1411,687958","1495,119661","1870,053882","2345,493957","2432,050827","2404,939352","2473,977732","2914,706956","3357,955421","3281,073889","3498,033237","3703,817672","3608,20216","3973,285802","3815,467812","3757,800853"
Pará,2. Industrial,2.2 Metálicas,2.2.09 Alumínio,"1686,810308","1790,292416","1901,011308","2052,655808","2156,125416","2362,311372","2815,79889","3038,652777","3051,879669","3250,533023","3471,734023","3588,492608","4167,148471","4114,118562","4140,731491","5313,653888","5997,210108","6529,953977","7222,578174","7808,579398","8654,04361","9446,608796","10564,20774","11150,65886","12561,08743","13574,68221","14829,85147","16220,8697","17001,15429","17848,87113","19093,26559","19978,43594","21454,60451","22286,5909","23516,78618","25095,19968","24637,77464"
Pará,2. Industrial,2.2 Metálicas,2.2.13 Estanho,,,,,,,,,,,,,,,,,,,,,,,,,,,,,,"1,069578558","5,258772754","10,42840901","12,21104539","13,54802172","14,88499811","15,50891778","14,61760204"
Pará,2. Industrial,2.2 Metálicas,2.2.14 Ouro,,,"0,8866566467","0,8866566467","0,8866566467","0,8866566467","1,063987805","1,241319019","1,241319019","1,241319019","1,241319019","2,216642175","2,748636505","2,748636505","2,65997074","2,65997074","2,65997074","2,65997074","2,65997074","2,65997074","2,65997074","2,65997074","7,536591589","15,07317571","15,69383448","15,60516855","15,33917259","15,33917259","15,25050677","16,13966165","16,13966154","17,02766519","20,226367","20,75932178","20,40389119","21,02551183","21,02551198"
Pará,2. Industrial,2.3 Não Metálicas,2.3.01 Minerais Classe 2,"58,81047893","62,73377075","87,0908779","106,3935182","134,0890876","150,154141","267,8184174","293,3846113","308,1191863","300,161529","314,7185395","353,8195453","380,7484666","434,7573063","437,1731797","461,7466307","496,7707052","542,5055581","577,1468613","685,0367954","777,3871609","840,4708848","874,9259114","955,5028241","1060,656144","1186,6403","1340,92338","1382,62051","1445,967943","1502,516122","1558,64308","1604,756953","1631,652664","1695,611439","1730,367929","1767,3579","1790,858653"
Pará,2. Industrial,2.3 Não Metálicas,2.3.06 Calcário,"154,7437569","149,4115475","160,7375187","169,7386742","173,749951","171,2557911","169,3848078","171,1676884","169,20634","176,8973603","182,7010441","174,6709057","186,6297287","192,2571578","194,7697722","208,5331221","210,2256098","222,8905263","264,8784995","270,053258","282,8936171","303,3494834","306,2675786","322,8634853","331,9585411","354,4179313","414,8007389","465,0937632","444,0460633","472,1350807","485,3700515","471,1227654","480,4049098","473,2881466","467,147653","484,4744885","485,2757066"
Pará,2. Industrial,2.4 Não Identificado,Não Identificado,,,,,,,,"4,180387616","4,180387616","4,180387616","4,980886017","4,891941718","5,514551941","6,581885223","11,47383057","13,60849817","17,16628556","21,34668183","25,26025104","28,46226377","37,17886623","40,64770803","46,42907362","51,58786186","53,27780345","53,36674888","53,45569238","53,01097461","53,36674955","53,01097424","52,74414055","57,28033195","57,10244594","57,63611336","58,97028051","59,32605908","59,68183323"
Pará,2. Industrial,2.4 Não Identificado,Não Identificado,,,,,,,,,,,,,,,,,,,,,"0,5341367737","0,5341367737","1,513385297","2,937749689","3,204818146","4,807223712","5,875493628","6,765718604","6,943763904","6,854741425","7,03278653","7,032786987","7,299855157","7,299854889","7,210832373","7,299855267","7,566922852"
Pará,1. Garimpo,1.1 Metálicas,1.1.02 Estanho,"1046,155431","973,0470664","1213,497195","1388,533189","1411,992002","1465,190388","1597,855453","1617,046318","1648,254948","1629,325946","1638,488228","1662,11997","1670,207233","1728,693291","1693,680465","1750,543655","1774,095088","1789,016769","1811,674301","1831,406944","1841,450215","1870,149534","1903,559639","1938,644771","1968,221231","2006,343487","2229,774242","2628,493524","3245,621629","3853,054278","4235,347789","4480,431421","4973,297257","5431,896245","6624,420898","7832,975769","8690,841392"
Pará,1. Garimpo,1.1 Metálicas,1.1.01 Ouro,"7507,276811","9305,233777","13513,81095","17937,0628","21916,26589","23587,5148","24195,98763","26443,14975","27602,16684","28016,89299","28439,21962","27028,61151","27044,80499","27322,0098","27048,27013","28783,75793","28184,03203","28277,20936","28279,32193","28207,34202","27676,43171","27295,63705","26915,02179","27619,68755","28212,25493","29536,1051","31418,56237","35199,53765","39926,95988","44137,99242","49314,3028","56960,76192","65129,988","72202,34672","80054,53785","87502,73676","100004,376"
Pará,1. Garimpo,1.2 Não Metálicas,1.2.01 Minerais Classe 2,"362,7971445","458,2279556","636,4091536","818,8754877","1080,435742","1243,573172","1491,028241","1645,978852","1700,002597","1723,785136","1779,032251","1780,452205","1923,427854","1971,269376","1993,269499","2188,204455","2357,160302","2495,533935","2598,376587","2780,902631","2951,11813","3124,762961","3189,981704","3281,01063","3350,325402","3377,501947","3487,752619","3559,441024","3629,698899","3735,767421","3881,803801","4023,36159","4123,662277","4228,503089","4380,144673","4459,027438","4477,410225"
Pará,1. Garimpo,1.3 Pedras Preciosas & Rochas Ornamentais,1.3.01 Pedras preciosas,"23,94183325","31,47578752","39,98737051","55,32517706","59,66945358","52,04501465","52,31112446","56,0347255","56,83236685","50,27128854","51,7788151","48,94026295","50,80032193","50,80034427","51,59827094","61,43980518","60,1098182","61,43986431","70,13062758","71,46010437","73,14398499","93,80303538","109,4079189","110,8262521","103,8215542","98,76755101","95,13238635","92,38377014","85,64498616","75,62593272","77,13841956","72,52253585","72,61106258","104,0828132","143,4493552","204,3460819","294,8361718"
Pará,1. Garimpo,1.3 Pedras Preciosas & Rochas Ornamentais,1.3.02 Rochas Ornamentais,"1,422723157",,,,,,,"2,490093683","4,268734076","9,870970203","13,5171142","17,34107157","18,31926632","18,14140272","17,9635164","23,14241746","23,58702338","25,81001379","47,59547545","67,33667089","75,51731141","77,02811895","80,22925674","85,65425645","94,90246449","105,5723466","111,1744073","120,0664445","143,0086157","149,1592191","158,8574897","168,0179131","175,4904054","176,5574704","307,0059622","309,3178135","310,0296176"
Paraíba,2. Industrial,2.3 Não Metálicas,2.3.06 Calcário,"42,37353093","68,17004221","90,42060358","96,4486233","110,2777076","112,7598568","114,2668733","116,3057807","120,4722649","123,3090067","126,766307","128,7165744","129,3371109","132,1738586","141,7478694","146,8008374","151,0559615","155,2224341","162,5802612","167,8105111","172,5088804","176,0547956","176,7639785","178,8915285","180,7531395","183,1466422","185,9833554","191,2135419","208,9446759","236,0738562","251,1455943","259,833817","270,5611041","279,5153494","289,7996048","292,6366388","292,9025939"
Paraíba,1. Garimpo,1.3 Pedras Preciosas & Rochas Ornamentais,1.3.02 Rochas Ornamentais,"3,818669171","3,729855646","3,729855646","3,818669263","3,818669263","3,907482739","8,436974542","8,703401593","8,614588068","8,881015546","8,792202258","8,792202258","8,703388495","8,703388495","8,79218902","8,79218902","8,79218902","8,881002545","8,881002545","8,881002783","8,881002783","8,79218902","8,79218902","8,79218902","8,79218902","8,79218902","8,79218902","8,880989783","8,880989783","8,880989783","8,969790356","8,79218902","8,79218902","8,79218902","8,79218902","8,79218902","8,79218902"
Paraná,2. Industrial,2.2 Metálicas,2.2.14 Ouro,"31,25545866","53,41920874","55,61116304","58,20907541","67,78903394","70,71166199","72,17295829","72,0917799","72,33531157","72,8224311","73,87778381","74,68958216","74,77076176","74,68957273","75,58267774","76,55686534","75,74498356","76,88174168","77,04410909","77,36885109","77,53124329","77,45007468","77,3688949","77,45008323","77,36889979","77,53128448","78,09964173","78,83037076","78,83038315","79,47991007","83,13345804","85,16321996","85,650321","86,38097133","86,46215618","86,29976399","86,38095023"
Paraná,2. Industrial,2.3 Não Metálicas,2.3.01 Minerais Classe 2,"20,71217117","33,32775492","47,79302853","60,55725508","66,45200421","73,55620457","75,98371223","86,23810895","90,52234079","94,80935112","106,535479","130,0564664","168,9363234","224,3975861","234,5071413","243,1585167","263,1392696","290,3876663","309,1550144","321,9500645","336,7666006","360,3983502","374,2274403","399,3678265","419,26631","453,4684946","469,7990274","490,7438903","513,3809147","530,2822591","553,4030855","573,2966997","586,738612","606,2552376","619,6921555","637,6671597","639,1218197"
Paraná,2. Industrial,2.3 Não Metálicas,2.3.02 Fluor,,"0,8137579529","21,64595381","30,27185671","33,03867871","34,25935331","35,48003311","36,04967348","37,514471","39,46755042","40,36271738","41,58337041","42,07163952","43,61780674","44,67571177","44,91983969","44,91983969","44,91984848","44,91984848","49,72114461","51,67423179","52,24387303","52,97627525","53,38316586","53,54592114","54,52244593","54,44106312","54,60382236","54,92933862","55,17347171","55,82448802","55,90586307","56,71964155","61,27678254","63,39260154","63,71811054","63,55536181"
Paraná,2. Industrial,2.3 Não Metálicas,2.3.06 Calcário,"687,8767749","782,622161","841,6814443","919,640237","1010,751786","1077,566265","1145,459817","1214,781811","1278,014544","1323,902906","1369,299858","1435,341064","1523,743808","1631,315337","1738,161502","1801,380953","1876,363344","1931,670871","2009,900926","2082,699528","2128,611765","2169,149077","2210,043958","2290,227124","2363,417949","2438,894005","2515,377297","2593,280128","2705,281213","2793,837263","2872,086856","2928,719458","2985,734104","3040,666473","3142,914263","3195,68616","3200,061741"
Paraná,2. Industrial,2.4 Não Identificado,Não Identificado,,,,,"11,49737385","14,16929477","15,2218714","19,02739677","32,46854343","36,19318269","39,99876955","41,29428305","41,29429241","42,4279172","42,75180807","45,26187274","46,80029344","46,96223057","47,12416116","47,69091596","47,60994554","47,85285928","47,36708091","47,77193903","48,09583784","48,4197356","48,66264722","48,98653826","50,52500099","51,65861479","52,46834161","52,54931415","52,63028687","52,63028033","52,79221535","52,79221535","53,4399623"
Paraná,1. Garimpo,1.1 Metálicas,1.1.01 Ouro,"24,37456689","58,38482916","58,7087407","60,00437698","59,6804573","60,40928157","60,40930896","60,00442611","60,08539706","60,81417625","63,32439964","63,3243977","63,40538173","63,40537873","63,08147125","64,94392419","71,01711203","73,77028026","75,22786251","75,55176292","75,71371012","76,28052605","76,36150195","76,44247961","76,68541367","76,60444502","76,84737748","77,00933228","77,00933264","77,00933264","77,09031083","77,41421019","77,57616199","77,98102858","78,14298409","78,14298409","77,65711898"
Paraná,1. Garimpo,1.2 Não Metálicas,1.2.01 Minerais Classe 2,"11,01599852","19,11171464","29,39391997","38,20692851","47,43218978","49,86204128","52,29111317","71,07414407","81,91837042","91,64006769","95,53068173","97,23103214","99,25756279","103,3032605","111,8010403","114,714613","116,5780779","118,1153369","123,3816527","127,7559393","128,9703725","132,2890798","135,8522619","137,3099391","148,7276895","153,5025115","158,6101408","161,9319277","168,6567489","178,2234181","187,2265405","189,2526867","190,2254543","192,5775544","195,5701331","196,3786298","196,6215873"
Paraná,1. Garimpo,1.3 Pedras Preciosas & Rochas Ornamentais,1.3.02 Rochas Ornamentais,,,,,,,,,,,,,,,,,,,"2,031327661","3,2501229","4,468916058","5,8502151","7,394037952","7,962816925","7,962816925","9,020780023","9,915043982","9,996536139","9,996536139","10,07778943","10,32226642","10,24101312","10,24101346","10,24101346","10,24101346","10,24101346","10,24101346"
Pernambuco,2. Industrial,2.2 Metálicas,2.2.09 Alumínio,"1,679905341","1,679905341","1,76832135","1,76832135","1,76832135","1,856737543","1,945153613","1,945153613","1,945153613","2,121985449","2,210401337","2,210401337","2,210401337","2,210401337","2,298817468","2,3872336","2,3872336","2,298817346","2,387233478","2,564065863","2,387233478","2,475649609","2,475649609","2,475649365","2,387233478","2,387233478","2,387233478","2,475649609","2,475649609","2,564065497","2,564065497","2,564065314","2,564065314","2,475649426","2,475649426","2,475649426","2,387233295"
Pernambuco,2. Industrial,2.3 Não Metálicas,2.3.01 Minerais Classe 2,"56,91606885","62,66951998","69,57400607","80,46135765","94,88956696","103,6531163","121,9756363","147,4685952","158,0024737","167,296492","172,8726185","181,9895861","198,5430741","214,21137","230,9407141","253,2481459","272,8107363","284,5832596","291,7530759","297,1527259","300,6047431","305,2959189","325,3005983","332,2944942","351,9462757","368,9409914","386,2015868","407,5342936","420,3689307","430,5491525","441,3482184","456,5730668","467,8145399","469,3192076","469,6731156","470,1156993","469,0533951"
Pernambuco,2. Industrial,2.3 Não Metálicas,2.3.06 Calcário,"102,2275567","106,1253631","126,4157243","143,9589536","148,6549556","150,1609048","153,8818196","161,1454066","163,8026997","163,7140234","167,7899596","180,4613799","183,9165387","196,232507","204,2068131","210,7636143","215,4595274","215,9909701","218,0286699","218,2057607","234,6865734","244,6104925","251,6104048","262,5975216","271,3695994","314,7871458","348,1918305","383,3689678","418,9899271","434,0532281","445,2179723","457,8007104","474,4593398","510,8779308","616,4122616","690,1369294","691,8207076"
Pernambuco,2. Industrial,2.4 Não Identificado,Não Identificado,"7,353649353","7,79663858","8,328227173","8,062431476","9,657195483","31,4523155","31,98390432","35,70501851","35,43922382","35,7050177","37,03398732","36,23660505","39,69192946","43,32444138","43,67883317","43,67883317","43,94462711","43,7674311","44,03322559","43,85602958","43,67883428","43,76743209","44,29902228","45,53939752","46,24818005","45,62799266","45,98238303","47,39995399","47,57714911","47,75434423","47,22275836","47,31135594","47,13416016","48,46313143","47,31135865","47,22276023","46,77976912"
Pernambuco,1. Garimpo,1.2 Não Metálicas,1.2.01 Minerais Classe 2,"35,8470229","40,18366736","46,99876403","58,59303757","64,0785608","84,17049623","93,90662065","102,4917439","110,3696766","119,92898","126,3011502","132,9383906","138,7801648","144,7103468","151,2602758","180,293192","192,9498039","198,259613","209,6763843","220,4741607","228,5281416","236,050642","241,2728203","247,0253727","267,9114179","284,7281782","292,2512559","300,7475468","305,5265306","308,0930443","310,040553","312,1648303","312,8725654","313,315058","314,376977","314,1997105","314,4652817"
Pernambuco,1. Garimpo,1.3 Pedras Preciosas & Rochas Ornamentais,1.3.02 Rochas Ornamentais,"14,32708647","16,44927955","23,7017853","24,32080469","24,58614643","25,38190526","35,01933027","48,81282759","51,82006317","50,93587695","53,0589683","55,44670521","59,78127917","66,3307748","69,16135015","68,01203013","67,1272829","67,9237605","68,1005864","68,27763735","68,63103146","68,71935414","68,89655234","69,78035079","69,51528789","69,33957451","68,89634371","69,6049565","71,9086173","73,50074803","79,60083917","80,57571034","80,3103504","80,2221449","80,13356901","80,22226445","80,5757119"
Piauí,2. Industrial,2.3 Não Metálicas,2.3.01 Minerais Classe 2,,,,,,,,,,,,,,,,,,,"0,4450671021","0,6230940308","1,15717489","1,15717489","18,60374539","23,58845909","28,21713309","29,81936418","31,06554075","31,8666556","36,40630588","39,69976868","40,50087258","41,03494738","43,61632966","46,37573302","47,44388826","49,93624926","50,11427577"
Piauí,1. Garimpo,1.2 Não Metálicas,1.2.01 Minerais Classe 2,"114,3008667","132,8208053","157,3992948","178,4169394","205,4019035","208,9647935","209,410031","211,0128549","212,4376238","247,3455334","261,9486465","269,3394403","270,6751498","275,7504801","280,380113","290,9766789","302,2834598","313,0568615","321,693872","335,4947906","346,8932067","408,2418622","454,1883843","483,9286583","522,3038225","553,1108574","571,188338","584,9909739","616,1563066","632,6285101","669,8465618","735,1943129","760,1220004","779,1722032","791,6369296","807,3053648","806,0586722"
Rio de Janeiro,2. Industrial,2.2 Metálicas,2.2.10 Magnésio,"1,898814288","5,779177399","8,421077789","10,48503746","13,62221257","13,78732693","13,70477007","13,9524469","13,86989355","15,3559542","16,01642543","17,58504055","17,75015636","18,90597836","20,30947527","23,11648124","24,85022433","27,7397814","29,96887571","31,62005952","33,35380514","34,67474502","35,252664","37,23410788","44,08662185","48,87513671","52,92062664","54,81951397","57,54399807","58,86495363","60,26849111","61,58946664","62,58017858","63,98367327","64,14879067","67,12107285","67,69899344"
Rio de Janeiro,2. Industrial,2.3 Não Metálicas,2.3.01 Minerais Classe 2,"25,87204949","27,44259267","32,31813647","37,27569772","41,57006224","45,12055645","50,0786353","56,68632111","62,1363465","65,02687189","68,41303661","71,96463998","79,23360115","85,8437676","92,04224406","95,76197872","99,5634839","103,115254","108,3220426","111,9588841","118,9824122","126,1723065","130,0566981","140,5556729","146,1768937","154,6102728","174,4481451","204,9300759","225,7523863","244,5905091","263,8447263","282,0205836","292,1788146","301,6751992","310,5964862","315,6389819","315,4737202"
Rio de Janeiro,2. Industrial,2.3 Não Metálicas,2.3.06 Calcário,"88,76271307","111,5338307","147,092847","183,1401287","209,2072566","221,5809357","226,1470813","230,4667629","236,7814423","241,6829922","244,0920758","244,9216789","248,7379816","254,8807146","265,0103951","274,4814465","280,8776417","286,7782906","289,6880051","291,3482852","294,8278321","295,9047662","296,7333065","304,6087453","312,8983242","321,6019335","327,5611662","329,5515056","333,204404","344,8266192","349,1453547","355,625243","359,9428804","362,3489004","363,0132033","365,1714819","365,9195035"
Rio de Janeiro,2. Industrial,2.4 Não Identificado,Não Identificado,"86,43006792","101,7982725","110,1423908","114,4372279","120,0512015","126,4970469","131,5361152","138,5604293","142,8576615","147,4064756","150,6273385","153,8485731","158,8073899","172,4379808","178,7148963","181,688814","184,8275158","187,6386633","197,4760217","203,7589041","204,9981146","207,2320975","210,7036154","220,7938894","225,8424755","227,9083692","240,9721226","249,9104288","265,8740655","279,8689744","286,0799083","289,4759852","292,6210143","293,944738","295,9282254","297,249874","296,5049657"
Rio de Janeiro,1. Garimpo,1.2 Não Metálicas,1.2.01 Minerais Classe 2,"7,76834743","16,85547957","20,65573251","23,4658527","25,61399412","26,85311703","30,24015741","34,70150267","37,26318833","39,74291375","41,39549599","42,46972442","43,87471549","45,52722411","46,43632737","47,18053392","47,75928047","49,90920024","51,39672509","52,71902776","53,71081386","54,7853706","55,85968777","58,25573004","59,32996259","60,32150278","61,56118896","61,47857914","61,39613141","61,80973897","80,24704677","87,93621902","91,16048016","97,93972546","100,9987885","102,0735924","102,2389664"
Rio de Janeiro,1. Garimpo,1.3 Pedras Preciosas & Rochas Ornamentais,1.3.02 Rochas Ornamentais,"13,12910598","14,36729335","16,18319302","16,1831317","16,84421801","17,00945776","17,42258683","18,9932867","19,40675926","19,48958739","19,65491073","19,90319156","20,2338243","20,815846","22,56478315","25,13346896","27,04072521","32,61557578","33,1148124","33,36283668","33,77703345","34,02570754","35,02038411","36,42768729","38,17393555","39,82726122","41,06680225","42,39333874","44,21226248","45,4527478","46,53539793","46,87107603","46,78832605","47,28315385","47,78021813","48,94517516","49,19423308"
Rio Grande do Norte,2. Industrial,2.3 Não Metálicas,2.3.06 Calcário,,,,,,,,,,,,,,,,,,,,,,,,,,,"0,4452837646","2,404532996","2,582646222","2,582646222","8,727554602","10,24151439","11,48830049","11,93358074","12,46791647","12,46791647","12,20074756"
Rio Grande do Sul,2. Industrial,2.2 Metálicas,2.2.08 Cobre,"351,3780456","389,5555297","417,1102903","449,2063027","462,6760791","471,1425869","486,8446048","501,2377495","511,320645","517,5550792","517,9398902","518,7865247","519,6331474","521,1725032","521,1724796","522,0191909","522,2500842","524,32829","524,9440567","525,0979749","525,1749425","525,2518914","525,7906867","525,5597782","526,0985645","525,636736","525,7906929","526,406355","526,252371","526,4062906","526,2523695","526,9451569","526,5603308","527,1760958","527,3300117","527,4069514","528,7155111"
Rio Grande do Sul,2. Industrial,2.2 Metálicas,2.2.10 Magnésio,,,,,,,,,,,"1,035214435","1,114845892","1,3537414","6,52974715","7,564962152","7,485330695","7,32606778","7,485330695","7,485330695","7,485330695","7,007539301","7,007539301","7,007539301","7,007539301","7,087170758","7,564962152","7,64459361","7,64459361","7,64459361","7,803856714","7,803856714","8,042750519","8,122381787","8,361275592","8,361275024","8,361275024","8,122379327"
Rio Grande do Sul,2. Industrial,2.3 Não Metálicas,2.3.01 Minerais Classe 2,"6,226301337","6,537619568","6,537619568","6,381961786","6,459790057","6,615446198","6,693275909","6,693278583","7,160264667","7,238092737","7,160262408","7,08243208","7,160261792","7,082433722","7,78288407","10,7403449","32,06557582","38,21406699","38,8366979","39,53715812","39,53714558","41,17154815","44,82953209","45,45217225","48,25409426","53,0795923","59,07249511","63,35324455","74,48285698","78,06304141","81,87675687","83,04423645","82,81074937","82,966409","83,822542","85,61264182","86,23529389"
Rio Grande do Sul,2. Industrial,2.3 Não Metálicas,2.3.06 Calcário,"586,8105306","708,3637973","764,4244492","803,9380697","856,3032131","928,1591705","997,5273903","1081,510631","1139,298485","1195,391394","1254,683983","1280,303308","1314,141231","1450,862653","1511,112939","1581,833324","1649,48776","1683,327794","1719,911017","1755,840512","1819,340703","1864,654765","1921,657695","1966,861722","1991,590728","2019,04217","2057,994779","2116,731697","2177,862381","2224,783256","2245,703556","2271,217484","2312,023378","2342,34159","2373,328874","2400,221068","2403,213943"
Rio Grande do Sul,2. Industrial,2.1 Energéticas,2.1.01 Carvão mineral,"448,0879205","525,8071836","553,3424546","604,7687931","645,8783406","667,2088746","684,9710139","706,3016598","758,1932239","795,9675032","810,6282011","824,8236764","844,5259432","880,7498136","916,2807694","947,2318885","967,4783833","990,4411036","1031,945166","1049,787839","1058,86433","1063,363501","1063,363388","1070,19018","1087,179616","1113,093719","1159,959444","1191,851222","1211,483224","1229,331391","1268,829574","1283,495357","1307,552923","1358,543224","1398,821732","1402,003164","1404,330978"
Rio Grande do Sul,1. Garimpo,1.1 Metálicas,1.1.02 Estanho,"7,836360767","8,534613208","9,388053564","9,931143408","11,32767631","12,41385599","13,11212068","14,19830037","15,36204517","16,37091588","21,8033285","25,14024357","26,61473219","27,39080676","27,31327233","29,17587425","30,41753062","31,11592869","31,50391733","31,42630844","30,88313044","30,49511857","30,57272601","30,41750948","30,33990204","31,11595838","31,58160361","31,96961424","34,99616658","36,08265223","36,3929625","36,16018666","36,16018666","36,16018666","36,54822507","37,09145492","36,93623052"
Rondônia,2. Industrial,2.2 Metálicas,2.2.13 Estanho,"710,6804481","779,3534577","868,655745","1262,355119","1805,698533","2200,532722","2244,863411","2324,80662","2480,459606","2467,069827","2612,241367","2688,413555","2713,82132","2822,121001","2724,655517","2981,314674","2955,399855","3007,479071","3017,451978","3088,42459","3143,51363","3172,702658","3155,762775","3265,410871","3354,185","3349,97049","3467,811296","3449,145548","3613,629346","3592,465825","3616,886987","3566,38227","3612,234754","3685,579493","3757,880188","3809,714673","3832,65276"
Rondônia,2. Industrial,2.3 Não Metálicas,2.3.01 Minerais Classe 2,"25,18416048","25,97943756","27,92346892","25,62596914","25,18412996","25,89104688","25,80268991","27,12816365","27,83510214","26,86307083","26,68632766","27,74672103","28,10018101","26,5979457","31,10466145","35,94736462","39,28058391","53,38138538","64,29636777","70,8325248","73,39916673","73,14116353","71,99548403","78,92258359","87,31751729","118,6646555","122,0227163","122,101007","122,63297","124,7420652","123,7669589","119,0946289","116,0868873","114,5033545","115,1161269","114,2368057","112,828265"
Rondônia,2. Industrial,2.3 Não Metálicas,2.3.06 Calcário,,"0,6131625549","0,6131625549","0,5255681091","1,313917737","1,48910705","1,48910705","1,48910705","1,48910705","1,576701666","1,576701666","1,48910705","1,48910705","1,48910705","1,401512354","1,401512354","1,664296362","2,10226944","2,102269604","2,102269604","2,189864471","2,189864471","2,189864471","2,189864471","2,189864471","2,102269775","2,102269775","2,102269775","2,277458594","2,36505329","2,102269775","2,102269775","2,189864471","2,189864471","2,189864471","2,189864471","2,014675494"
Rondônia,2. Industrial,2.4 Não Identificado,Não Identificado,,,,,,,,,,,,,,,,,,,,,,,,,"74,2356012","104,283276","99,24594325","80,06843981","59,83041874","52,84873732","59,83041876","56,64889195","57,70940742","59,56529858","62,74682641","66,19348038","68,57963529"
Rondônia,1. Garimpo,1.1 Metálicas,1.1.02 Estanho,"2655,501851","3103,88185","3478,752545","3624,032328","3801,437904","3834,704442","3937,819544","4009,170944","4038,025326","4152,004646","4199,287275","4258,698621","4317,314401","4359,24222","4353,783372","4595,609978","4643,837776","4746,823788","4791,038239","4925,126779","5118,608954","5348,859184","5561,539832","5837,443673","6101,098846","6372,023108","6657,612807","6906,826486","7150,715942","7311,848189","7522,360651","7674,042337","7881,809668","8040,023838","8276,514978","8475,287025","8376,676697"
Rondônia,1. Garimpo,1.1 Metálicas,1.1.01 Ouro,"37,45683792","42,12722515","49,44264828","68,38973755","88,39405723","123,2063378","132,9884734","156,0778111","147,0014748","155,7253154","149,2926386","168,0630482","182,6884909","200,2233899","198,02001","222,3401152","253,5665616","273,9634318","311,9327733","328,3114119","341,1237395","336,6630256","336,3194202","339,8568527","354,8509906","353,1944481","351,4364127","359,1022775","357,9689921","346,3503318","357,6350539","355,4311314","354,8308156","354,3040059","373,1655448","392,5625175","397,3256553"
Rondônia,1. Garimpo,1.2 Não Metálicas,1.2.01 Minerais Classe 2,"257,259297","267,2982211","274,9620142","279,9060427","290,4160324","285,8246739","294,3006763","298,6288056","304,5436592","308,3398162","314,7858588","314,3465932","327,6009966","328,3957051","331,4799834","342,1591182","340,217972","341,8055363","341,453095","342,3385943","347,5484138","347,8161815","348,2578966","348,7003413","351,52497","386,9234188","395,4922185","405,0257375","402,8162097","405,0231934","402,4636377","412,0790266","425,5686737","427,6858648","431,829304","432,0927068","431,6560398"
Roraima,1. Garimpo,1.1 Metálicas,1.1.01 Ouro,"13,6646025","9,19952785","38,40539556","222,8232723","350,7936385","343,6249731","243,2420115","169,3045049","96,70513776","40,45108305","23,93458632","14,1104705","9,108190808","4,82265238","3,661724713","4,286970728","3,125899005","2,232685321","2,946240448","2,053076099","1,249405762","1,160162439","0,9816758911","1,606835657","3,660702063","3,839283344","2,142513611","2,768619489","5,357234613","7,499138702","4,82105368","21,41531182","104,9291844","365,3102922","680,1262611","923,3968695","1559,222892"
Roraima,1. Garimpo,1.2 Não Metálicas,1.2.01 Minerais Classe 2,"1,428622693","3,036318695","9,378804767","12,95289883","14,82858433","15,8115673","14,56084029","14,56084018","13,57860031","12,95333013","12,7746285","13,04268107","12,50657596","11,7917689","24,11835501","32,60452303","37,87368689","41,17750366","41,35608212","40,9096363","39,48101124","39,74887944","39,21314475","39,21314475","39,21314475","39,21314475","39,30243368","39,30243368","38,85567985","38,85567985","38,85567985","38,85567985","38,76639092","38,76639092","38,76639092","38,94509261","39,12373145"
Roraima,1. Garimpo,1.3 Pedras Preciosas & Rochas Ornamentais,1.3.01 Pedras preciosas,"60,84222994","51,47690022","61,02077847","71,72527987","89,30029772","93,93904478","113,9216714","125,1621601","163,8779761","238,9917181","281,0098538","270,6614551","224,8981816","176,4573647","219,3268007","235,5632827","223,9665639","150,4594399","146,1789643","143,0555681","143,5015002","135,2950967","119,7716347","112,6354616","114,7774541","94,25860706","75,43608718","75,25743304","67,4955332","58,66396711","51,43818945","51,34655328","43,04966327","37,42920266","31,36274377","31,00626879","36,89204825"
Roraima,1. Garimpo,1.3 Pedras Preciosas & Rochas Ornamentais,1.3.02 Rochas Ornamentais,"7,953877869","8,043247205","12,8691936","17,87387855","16,80144781","17,51640232","17,15892506","16,71207849","17,0695558","16,53333958","16,17586266","15,37153845","15,46090782","13,58415132","15,72901663","19,8400062","19,84000624","20,55496245","20,2868546","22,43171849","22,16361072","21,5380256","21,44865612","21,44865574","21,44865546","21,62739438","21,44865554","21,0911785","21,00180917","21,18054789","21,35928643","21,18054789","21,00180911","21,00180903","21,09117849","21,26991718","22,69982645"
Santa Catarina,2. Industrial,2.2 Metálicas,2.2.09 Alumínio,"29,62042597","32,35418685","35,65031513","39,26699661","43,446498","45,05425466","45,85828568","50,92143547","62,68102467","67,74069171","74,24974155","78,3437956","87,31783537","98,03908646","105,7504046","120,1214877","125,4869773","126,9318796","131,3392836","134,3109046","142,9644367","154,0028775","160,4066285","164,9040671","171,4872585","180,5489971","190,0968413","194,7584989","206,0829143","209,77617","215,0773465","219,3255059","225,5619031","231,2416548","235,5619625","237,6465693","238,2879505"
Santa Catarina,2. Industrial,2.2 Metálicas,2.2.10 Magnésio,,,,,,,,,,,,,,,,,,,,,,,,,,,,,,,,,,,"0,07977467651","0,07977467651",
Santa Catarina,2. Industrial,2.3 Não Metálicas,2.3.01 Minerais Classe 2,"36,80857933","47,69316347","70,94887737","88,38140313","104,0446264","111,5104394","119,939312","126,4423297","138,6330054","147,4472066","160,1841666","172,2677739","209,2198893","245,6334635","259,794214","280,3188827","304,0956094","321,4673693","335,9042304","350,8726495","359,0056322","379,0974933","397,5212455","418,3643455","461,1674993","488,6273722","537,8903908","565,915629","599,8625698","627,0446052","645,9075271","661,293421","679,461345","690,5414121","698,0298206","704,394278","704,4718904"
Santa Catarina,2. Industrial,2.3 Não Metálicas,2.3.02 Fluor,"7,635359869","8,028934473","8,501217389","9,209652155","10,07551303","10,31165676","10,31165696","10,39037121","10,46908546","10,46908902","10,54780366","10,86265709","10,62651019","10,62651019","10,86265452","10,86265649","11,33493942","11,49236693","12,75181291","13,61764411","14,01121396","14,56221252","15,27064491","16,21517986","16,60875546","17,00232987","17,3171829","17,55332585","17,7894771","18,57662354","19,59991588","20,78063811","20,93806839","21,88264965","24,2440688","25,97561265","25,97560434"
Santa Catarina,2. Industrial,2.3 Não Metálicas,2.3.06 Calcário,"32,06332819","35,17691374","44,04268794","54,80848329","61,18730795","70,04081733","81,77642414","85,21105872","91,85672961","96,64379276","101,5151818","108,9413174","120,361193","135,7807441","150,7133357","161,7387365","169,5629566","179,6197825","189,7624984","197,6661496","202,9363645","208,1285689","210,2068647","214,1980313","222,1066593","233,7870207","242,7539092","250,6695886","262,6619172","272,4020823","279,7665938","284,3907173","295,8983358","304,4140078","310,7440935","322,9870332","323,2292299"
Santa Catarina,2. Industrial,2.4 Não Identificado,Não Identificado,,,,,,,"0,4790861389","0,7186285583","0,8783245056","0,8783245056","0,8783245056","0,8783245056","1,357410846","1,756649207","2,475301776","6,627498389","7,984952362","7,984952362","8,064801648","8,384201788","8,38420235","8,943159912","9,023008636","9,821500732","9,901349829","10,30059888","10,30059888","10,93939522","11,49833477","11,57818443","11,57818443","11,65803428","11,65803428","11,65803428","11,57818443","11,57818443","11,57818443"
Santa Catarina,2. Industrial,2.1 Energéticas,2.1.01 Carvão mineral,"352,8422616","428,0603877","449,7179112","473,7539338","477,4581039","494,2313864","515,1803327","526,3678115","528,8866593","530,3015871","538,4818305","549,6754676","551,3321228","554,0896245","642,0907161","764,1281127","786,4210113","794,3763547","799,9708466","814,3878772","823,5304951","827,3908002","828,5723348","837,6317074","857,1624502","876,0001095","882,3846768","894,8352252","908,7891532","918,7970621","928,2551243","939,1332856","979,8886578","1022,38363","1033,34207","1045,954805","1046,582683"
Santa Catarina,1. Garimpo,1.2 Não Metálicas,1.2.01 Minerais Classe 2,"3,169032703","4,199357568","5,3894117","11,36708965","14,71418676","16,47800254","19,57658121","29,02133901","32,59182178","34,25764109","35,91906673","39,17039175","44,63733045","60,59381146","71,01888909","83,74936714","100,1104889","109,9055638","120,5457212","127,3814215","149,6908918","200,8359897","223,8945568","248,582052","263,6956444","294,4753842","314,6482673","330,3034982","346,6155385","355,772587","360,6236308","365,4731336","373,5017837","381,2649076","390,2315632","391,2645613","391,0265822"
Santa Catarina,1. Garimpo,1.3 Pedras Preciosas & Rochas Ornamentais,1.3.02 Rochas Ornamentais,,,,,,,,,,,,,,,"1,438183771","1,438183771","1,438183771","1,438183771","1,438183771","1,438183771","1,438183771","1,438183771","1,438183771","1,438183771","1,518082513","2,076843738","2,236565491","2,396211505","2,795479132","2,955125708","3,594321844","3,594246484","3,594246484","3,594246484","3,913767969","3,993667651","4,153466827"
São Paulo,2. Industrial,2.3 Não Metálicas,2.3.01 Minerais Classe 2,"816,9040464","863,6024439","941,6732185","1046,087193","1159,293515","1226,666359","1309,721626","1374,5607","1447,674371","1469,855012","1571,39652","1651,70565","1753,082614","1783,956461","1816,866878","1857,384274","1921,309575","1994,674776","2040,613446","2100,133494","2161,943416","2240,494632","2306,4984","2359,131086","2435,762101","2507,622959","2559,285606","2597,933976","2634,545571","2654,121078","2673,702364","2689,914581","2709,649398","2735,148594","2769,506498","2785,885696","2785,804748"
São Paulo,2. Industrial,2.3 Não Metálicas,2.3.03 Fósforo,"5,384921149","6,853547284","7,016725336","7,587856873","11,09619116","12,40163057","12,40163057","12,40163057","12,4832196","12,5648088","12,5648088","12,48321943","12,64640037","12,64640037","12,64640037","12,64640037","12,80957604","12,72798566","13,05434039","15,74680876","17,54178525","21,70284048","21,94760876","22,84510629","23,57941317","24,39531995","24,64009453","25,12964164","25,21123323","25,21123323","24,72169429","24,96646342","25,048055","25,04805551","25,21123493","26,19033085","26,35351009"
São Paulo,2. Industrial,2.3 Não Metálicas,2.3.05 Silício,"20,6131519","30,4645442","42,79904991","47,02063145","48,17935458","49,83521146","50,16637558","55,8836431","59,11317875","61,67956789","65,57160505","78,23992193","156,2322567","224,8301372","237,9173945","255,6342151","257,0420264","260,5213276","262,2600312","266,3168787","265,9029215","267,6422583","268,3876253","269,2155424","270,6236573","283,2189638","285,2062607","297,1285915","304,3315621","304,4142468","304,6626985","310,1271539","311,1208303","311,865987","312,2797799","318,985708","319,4828042"
São Paulo,2. Industrial,2.3 Não Metálicas,2.3.06 Calcário,"1183,767722","1319,122671","1405,840521","1498,491777","1574,477297","1615,782344","1663,556037","1698,861633","1749,736253","1806,290276","1898,493566","1960,888065","2002,745245","2052,191827","2073,308142","2105,508992","2156,208885","2191,740827","2230,450368","2257,281158","2297,078175","2322,575356","2354,144732","2410,153193","2427,305546","2465,288238","2490,213851","2538,782013","2603,653708","2655,363908","2678,750422","2695,871722","2749,938923","2809,601667","2864,096787","2911,073805","2904,462708"
São Paulo,1. Garimpo,1.2 Não Metálicas,1.2.01 Minerais Classe 2,"52,84724733","60,01274916","76,38620042","86,41253871","99,67279415","109,0968664","122,1257862","133,6383091","150,698438","162,7901295","176,0554438","189,8992287","214,0059169","228,5599875","245,5770961","254,6929217","262,5197553","276,262702","286,0988082","293,3191907","301,5479404","311,8910165","322,0778635","335,56431","347,3763994","352,7701076","363,2165172","374,842851","382,090756","385,6523966","400,8817443","409,6981384","423,0358797","440,7154703","453,0396757","466,5242623","467,262894"
Sergipe,2. Industrial,2.3 Não Metálicas,2.3.06 Calcário,"75,89985037","86,09238672","106,1265908","128,4436733","159,3672285","160,3335128","165,5167566","171,3147057","172,1053138","173,774413","179,3084673","183,7885358","193,5392483","206,1006039","230,6965017","243,8729897","251,2518941","256,3467134","285,1743202","302,6557184","321,3667048","337,4416715","366,0783195","424,5829304","435,1246845","443,5578518","455,4170056","467,8910155","477,8173058","483,7907868","489,7646252","495,2987186","496,6162483","497,3188864","498,0216685","501,974637","502,9410444"
Sergipe,2. Industrial,2.4 Não Identificado,Não Identificado,"15,99029041","18,36241376","21,17391708","37,60350575","38,83350851","39,27276263","44,54914309","48,77059907","51,31865693","52,11010096","51,8465169","51,75938089","51,49581871","52,90178589","54,22039649","56,32924611","56,59353699","57,12116389","57,47331779","59,23046776","62,12975573","62,48117258","64,3280533","69,42516152","72,06084679","75,92651102","80,670814","82,86726489","83,65796294","84,36084944","86,55729011","87,69939013","88,05082339","92,00443274","92,26802178","92,0923142","92,35590256"
Sergipe,2. Industrial,2.1 Energéticas,2.1.03 Gás natural e petróleo,,,,,,,,,,,,,,,,,"0,08787999268","0,1757599121","0,4393996643","0,4393996643","0,4393996643","0,08787984009","0,08787984009",,,,,,,,"0,4393996643","3,076697986","3,076697986","3,076697986","27,16124958","27,16124958","27,77653562"
Sergipe,1. Garimpo,1.2 Não Metálicas,1.2.01 Minerais Classe 2,"28,18544774","35,56092026","40,74131064","60,32133162","70,85771679","75,86243196","85,43265135","94,82731097","103,0804232","113,8799208","119,1478949","121,3429631","124,5037198","128,7179733","134,7761586","137,4101213","143,2049545","144,873486","144,8734597","146,0148473","147,6830462","149,4389866","153,9167909","182,2758785","200,450085","208,966463","219,5022058","228,0185898","228,9843928","231,3549636","231,618355","234,4278595","234,9546612","234,5156696","235,5692354","234,9545789","236,0081493"
Tocantins,2. Industrial,2.2 Metálicas,2.2.14 Ouro,,,,,,,,,,,,,,,,,,,,,,,,,,"5,081022736","7,271117279","10,77527573","15,33068913","18,57203408","19,09765895","26,54390522","31,62491528","34,07785246","34,16545817","34,42826837","34,51587856"
Tocantins,2. Industrial,2.3 Não Metálicas,2.3.06 Calcário,"14,18648333","14,97466252","26,62207881","39,2348576","50,0987398","51,67540532","52,20108153","52,90188172","53,77768422","54,91649551","57,01865569","60,96017595","84,60927174","123,5025039","130,1591199","133,9258144","138,5162924","142,5892151","154,5422011","174,7412924","189,262568","192,9906313","192,2636621","192,0675809","195,1258252","206,3370633","215,1841925","219,1280807","223,5652603","232,0508536","232,0394747","233,7914663","242,9822888","244,2871088","246,4766426","249,712604","249,2796829"
Tocantins,2. Industrial,2.4 Não Identificado,Não Identificado,,"6,33368017","17,0663084","29,73417132","30,7898428","32,98922279","37,12408877","41,346831","43,81005915","43,89803421","43,98600905","44,24993638","45,83339655","48,82443781","49,88013358","51,11179663","51,90357411","52,43141052","52,07953953","52,95927278","53,48712404","53,83897746","54,71864136","55,33444397","56,47802789","58,14942022","62,72374852","62,7237324","62,89966754","62,89966754","63,07561064","63,16357817","62,63577345","62,54780563","62,81171501","62,98765021","62,63576429"
Tocantins,1. Garimpo,1.1 Metálicas,1.1.01 Ouro,"6,131207733","7,882983191","12,52516375","13,57622047","15,15279257","15,32796401","14,80243902","14,97761505","16,55419902","16,81696276","18,9190738","19,88254622","21,28394743","21,45912229","21,45912263","43,44407959","43,00612147","43,7068416","43,44407379","43,26889577","43,09371576","43,00612837","43,00612845","43,09371775","42,83094777","42,74335872","43,09371815","43,18130671","43,00612778","42,91853782","42,91853782","42,91853782","42,91853782","42,74335806","42,91853682","42,91853682","43,00612537"
Tocantins,1. Garimpo,1.2 Não Metálicas,1.2.01 Minerais Classe 2,,,,,,,,,,,,,,,,,,"1,226843134","1,226843134","1,226843134","1,226843134","1,226843134","1,226843134","1,226843134","1,226843134","1,226843134","1,226843134","1,226843134","1,226843134","1,226843134","1,226843134","1,226843134","1,226843134","1,226843134","1,226843134","1,226843134","1,226843134"